"",geo_accession,title,status,submission_date,last_update_date,type,channel_count,source_name_ch1,organism_ch1,characteristics_ch1,characteristics_ch1.1,characteristics_ch1.2,treatment_protocol_ch1,growth_protocol_ch1,molecule_ch1,extract_protocol_ch1,extract_protocol_ch1.1,taxid_ch1,description,description.1,data_processing,data_processing.1,data_processing.2,data_processing.3,data_processing.4,platform_id,contact_name,contact_email,contact_phone,contact_department,contact_institute,contact_address,contact_city,contact_state,contact_zip.postal_code,contact_country,data_row_count,instrument_model,library_selection,library_source,library_strategy,relation,relation.1,supplementary_file_1,cell.type.ch1,treatment.ch1,viral.infected.ch1,Run,ReleaseDate,LoadDate,spots,bases,spots_with_mates,avgLength,size_MB,download_path,Experiment,LibraryStrategy,LibrarySelection,LibrarySource,LibraryLayout,InsertSize,InsertDev,Platform,Model,SRAStudy,BioProject,ProjectID,Sample,BioSample,SampleType,TaxID,ScientificName,Tumor,CenterName,Submission,Consent,RunHash,ReadHash
GSM5325436,GSM5325436,Sample 1_dpamine neuron-48h-mock-1,Public on Oct 20 2021,May 20 2021,Oct 20 2021,SRA,1,Neural cells,Homo sapiens,cell type: Dopaminergic Neuron,viral infected: no,treatment: no,"For drug treatment, DA neurons were infected with SARS-CoV-2 at six hours post-treatment.","Midbrain dopaminergic neuron differentiation were performed using H9 hESCs, which include Nurr1: GFP hESC.  hESCs were grown on VTN-N (Thermo Fisher Scientific)-coated 6-well plates in E8-essential medium. Cells were maintained at 37℃, 5% CO2. hESCs were differentiated with an optimized protocol from a previously reported study",total RNA,Total RNA samples were prepared from cells and using TRIzol according to the manufacturer’s instructions.,RNAseq libraries of polyadenylated RNA were prepared using the TruSeq Stranded mRNA Library Prep Kit (Illumina) according to the manufacturer’s instructions and sequenced on an Illumina NextSeq 500 platform.,9606,processed data file: raw_counts.dpamine_neuron-48h.txt,"",Illumina bcl2fastq2 v2.20 was used for basecalling.,"For sample 1-6 and 28-33, Sequenced reads were trimmed for low-quality bases and for adapter sequences using cutadapt; then mapped to the human hg19 reference genome plus SARS-CoV-2 genome using STAR v2.5.2b. Raw read counts were quantified using HTSeq-count v0.11.2.","For sample 7-27, the raw reads were aligned to human genome (GRCh38) using HISAT2 (version=2.1.0). The raw counts were extracted from bam files by featureCounts function (from package subread version=1.6.4).",Genome_build: GRCh38,Supplementary_files_format_and_content: plain txt file storing read counts per gene per sample,GPL24676,"Shuibing,,Chen",shuibing.chen@gmail.com,2127465431,Surgery,Weill Cornell Medical College,"A 827B, 1300 York Ave",New York,NY,10065,USA,0,Illumina NovaSeq 6000,cDNA,transcriptomic,RNA-Seq,BioSample: https://www.ncbi.nlm.nih.gov/biosample/SAMN19284667,SRA: https://www.ncbi.nlm.nih.gov/sra?term=SRX10947816,NONE,Dopaminergic Neuron,no,no,SRR14602068,2021-10-21 12:26:30,2021-05-22 08:08:33,50479743,5148933786,50479743,102,1554,https://sra-pub-run-odp.s3.amazonaws.com/sra/SRR14602068/SRR14602068,SRX10947816,RNA-Seq,cDNA,TRANSCRIPTOMIC,PAIRED,0,0,ILLUMINA,Illumina NovaSeq 6000,SRP320664,PRJNA731457,731457,SRS9026722,SAMN19284667,simple,9606,Homo sapiens,no,GEO,SRA1234813,public,C5CF02D428BB97D10048D62FD3994544,16A808020B9056D259B690F44C979BC9
GSM5325437,GSM5325437,Sample 2_dpamine neuron-48h-mock-2,Public on Oct 20 2021,May 20 2021,Oct 20 2021,SRA,1,Neural cells,Homo sapiens,cell type: Dopaminergic Neuron,viral infected: no,treatment: no,"For drug treatment, DA neurons were infected with SARS-CoV-2 at six hours post-treatment.","Midbrain dopaminergic neuron differentiation were performed using H9 hESCs, which include Nurr1: GFP hESC.  hESCs were grown on VTN-N (Thermo Fisher Scientific)-coated 6-well plates in E8-essential medium. Cells were maintained at 37℃, 5% CO2. hESCs were differentiated with an optimized protocol from a previously reported study",total RNA,Total RNA samples were prepared from cells and using TRIzol according to the manufacturer’s instructions.,RNAseq libraries of polyadenylated RNA were prepared using the TruSeq Stranded mRNA Library Prep Kit (Illumina) according to the manufacturer’s instructions and sequenced on an Illumina NextSeq 500 platform.,9606,processed data file: raw_counts.dpamine_neuron-48h.txt,"",Illumina bcl2fastq2 v2.20 was used for basecalling.,"For sample 1-6 and 28-33, Sequenced reads were trimmed for low-quality bases and for adapter sequences using cutadapt; then mapped to the human hg19 reference genome plus SARS-CoV-2 genome using STAR v2.5.2b. Raw read counts were quantified using HTSeq-count v0.11.2.","For sample 7-27, the raw reads were aligned to human genome (GRCh38) using HISAT2 (version=2.1.0). The raw counts were extracted from bam files by featureCounts function (from package subread version=1.6.4).",Genome_build: GRCh38,Supplementary_files_format_and_content: plain txt file storing read counts per gene per sample,GPL24676,"Shuibing,,Chen",shuibing.chen@gmail.com,2127465431,Surgery,Weill Cornell Medical College,"A 827B, 1300 York Ave",New York,NY,10065,USA,0,Illumina NovaSeq 6000,cDNA,transcriptomic,RNA-Seq,BioSample: https://www.ncbi.nlm.nih.gov/biosample/SAMN19284666,SRA: https://www.ncbi.nlm.nih.gov/sra?term=SRX10947817,NONE,Dopaminergic Neuron,no,no,SRR14602069,2021-10-21 12:26:30,2021-05-22 11:18:52,41694509,4252839918,41694509,102,1281,https://sra-pub-run-odp.s3.amazonaws.com/sra/SRR14602069/SRR14602069,SRX10947817,RNA-Seq,cDNA,TRANSCRIPTOMIC,PAIRED,0,0,ILLUMINA,Illumina NovaSeq 6000,SRP320664,PRJNA731457,731457,SRS9026723,SAMN19284666,simple,9606,Homo sapiens,no,GEO,SRA1234813,public,67F9F8E303FCEDEFC7318ABDBA221194,D098AFBD40F2329A215CA95ECE978E47
GSM5325438,GSM5325438,Sample 3_dpamine neuron-48h-mock-3,Public on Oct 20 2021,May 20 2021,Oct 20 2021,SRA,1,Neural cells,Homo sapiens,cell type: Dopaminergic Neuron,viral infected: no,treatment: no,"For drug treatment, DA neurons were infected with SARS-CoV-2 at six hours post-treatment.","Midbrain dopaminergic neuron differentiation were performed using H9 hESCs, which include Nurr1: GFP hESC.  hESCs were grown on VTN-N (Thermo Fisher Scientific)-coated 6-well plates in E8-essential medium. Cells were maintained at 37℃, 5% CO2. hESCs were differentiated with an optimized protocol from a previously reported study",total RNA,Total RNA samples were prepared from cells and using TRIzol according to the manufacturer’s instructions.,RNAseq libraries of polyadenylated RNA were prepared using the TruSeq Stranded mRNA Library Prep Kit (Illumina) according to the manufacturer’s instructions and sequenced on an Illumina NextSeq 500 platform.,9606,processed data file: raw_counts.dpamine_neuron-48h.txt,"",Illumina bcl2fastq2 v2.20 was used for basecalling.,"For sample 1-6 and 28-33, Sequenced reads were trimmed for low-quality bases and for adapter sequences using cutadapt; then mapped to the human hg19 reference genome plus SARS-CoV-2 genome using STAR v2.5.2b. Raw read counts were quantified using HTSeq-count v0.11.2.","For sample 7-27, the raw reads were aligned to human genome (GRCh38) using HISAT2 (version=2.1.0). The raw counts were extracted from bam files by featureCounts function (from package subread version=1.6.4).",Genome_build: GRCh38,Supplementary_files_format_and_content: plain txt file storing read counts per gene per sample,GPL24676,"Shuibing,,Chen",shuibing.chen@gmail.com,2127465431,Surgery,Weill Cornell Medical College,"A 827B, 1300 York Ave",New York,NY,10065,USA,0,Illumina NovaSeq 6000,cDNA,transcriptomic,RNA-Seq,BioSample: https://www.ncbi.nlm.nih.gov/biosample/SAMN19284665,SRA: https://www.ncbi.nlm.nih.gov/sra?term=SRX10947818,NONE,Dopaminergic Neuron,no,no,SRR14602070,2021-10-21 12:26:30,2021-05-22 10:28:52,42739875,4359467250,42739875,102,1333,https://sra-pub-run-odp.s3.amazonaws.com/sra/SRR14602070/SRR14602070,SRX10947818,RNA-Seq,cDNA,TRANSCRIPTOMIC,PAIRED,0,0,ILLUMINA,Illumina NovaSeq 6000,SRP320664,PRJNA731457,731457,SRS9026724,SAMN19284665,simple,9606,Homo sapiens,no,GEO,SRA1234813,public,272B3F6EE27E37C1580DF90A1726CDED,61D3EF172DD98F466B1DAEF1509F5389
GSM5325439,GSM5325439,Sample 4_dpamine neuron-48h-H-1,Public on Oct 20 2021,May 20 2021,Oct 20 2021,SRA,1,Neural cells,Homo sapiens,cell type: Dopaminergic Neuron,viral infected: SARS-Cov-2 infected 48 hours,treatment: no,"For drug treatment, DA neurons were infected with SARS-CoV-2 at six hours post-treatment.","Midbrain dopaminergic neuron differentiation were performed using H9 hESCs, which include Nurr1: GFP hESC.  hESCs were grown on VTN-N (Thermo Fisher Scientific)-coated 6-well plates in E8-essential medium. Cells were maintained at 37℃, 5% CO2. hESCs were differentiated with an optimized protocol from a previously reported study",total RNA,Total RNA samples were prepared from cells and using TRIzol according to the manufacturer’s instructions.,RNAseq libraries of polyadenylated RNA were prepared using the TruSeq Stranded mRNA Library Prep Kit (Illumina) according to the manufacturer’s instructions and sequenced on an Illumina NextSeq 500 platform.,9606,processed data file: raw_counts.dpamine_neuron-48h.txt,"",Illumina bcl2fastq2 v2.20 was used for basecalling.,"For sample 1-6 and 28-33, Sequenced reads were trimmed for low-quality bases and for adapter sequences using cutadapt; then mapped to the human hg19 reference genome plus SARS-CoV-2 genome using STAR v2.5.2b. Raw read counts were quantified using HTSeq-count v0.11.2.","For sample 7-27, the raw reads were aligned to human genome (GRCh38) using HISAT2 (version=2.1.0). The raw counts were extracted from bam files by featureCounts function (from package subread version=1.6.4).",Genome_build: GRCh38,Supplementary_files_format_and_content: plain txt file storing read counts per gene per sample,GPL24676,"Shuibing,,Chen",shuibing.chen@gmail.com,2127465431,Surgery,Weill Cornell Medical College,"A 827B, 1300 York Ave",New York,NY,10065,USA,0,Illumina NovaSeq 6000,cDNA,transcriptomic,RNA-Seq,BioSample: https://www.ncbi.nlm.nih.gov/biosample/SAMN19284664,SRA: https://www.ncbi.nlm.nih.gov/sra?term=SRX10947819,NONE,Dopaminergic Neuron,no,SARS-Cov-2 infected 48 hours,SRR14602071,2021-10-21 12:26:30,2021-05-22 09:20:34,53347263,5441420826,53347263,102,1636,https://storage.googleapis.com/nih-sequence-read-archive/run/SRR14602071/SRR14602071,SRX10947819,RNA-Seq,cDNA,TRANSCRIPTOMIC,PAIRED,0,0,ILLUMINA,Illumina NovaSeq 6000,SRP320664,PRJNA731457,731457,SRS9026725,SAMN19284664,simple,9606,Homo sapiens,no,GEO,SRA1234813,public,4F1A0DA0F53AFAE3F9A9D39DA11AC985,A106A29832E5E0AE3BF0D94C75F2AC34
GSM5325440,GSM5325440,Sample 5_dpamine neuron-48h-H-2,Public on Oct 20 2021,May 20 2021,Oct 20 2021,SRA,1,Neural cells,Homo sapiens,cell type: Dopaminergic Neuron,viral infected: SARS-Cov-2 infected 48 hours,treatment: no,"For drug treatment, DA neurons were infected with SARS-CoV-2 at six hours post-treatment.","Midbrain dopaminergic neuron differentiation were performed using H9 hESCs, which include Nurr1: GFP hESC.  hESCs were grown on VTN-N (Thermo Fisher Scientific)-coated 6-well plates in E8-essential medium. Cells were maintained at 37℃, 5% CO2. hESCs were differentiated with an optimized protocol from a previously reported study",total RNA,Total RNA samples were prepared from cells and using TRIzol according to the manufacturer’s instructions.,RNAseq libraries of polyadenylated RNA were prepared using the TruSeq Stranded mRNA Library Prep Kit (Illumina) according to the manufacturer’s instructions and sequenced on an Illumina NextSeq 500 platform.,9606,processed data file: raw_counts.dpamine_neuron-48h.txt,"",Illumina bcl2fastq2 v2.20 was used for basecalling.,"For sample 1-6 and 28-33, Sequenced reads were trimmed for low-quality bases and for adapter sequences using cutadapt; then mapped to the human hg19 reference genome plus SARS-CoV-2 genome using STAR v2.5.2b. Raw read counts were quantified using HTSeq-count v0.11.2.","For sample 7-27, the raw reads were aligned to human genome (GRCh38) using HISAT2 (version=2.1.0). The raw counts were extracted from bam files by featureCounts function (from package subread version=1.6.4).",Genome_build: GRCh38,Supplementary_files_format_and_content: plain txt file storing read counts per gene per sample,GPL24676,"Shuibing,,Chen",shuibing.chen@gmail.com,2127465431,Surgery,Weill Cornell Medical College,"A 827B, 1300 York Ave",New York,NY,10065,USA,0,Illumina NovaSeq 6000,cDNA,transcriptomic,RNA-Seq,BioSample: https://www.ncbi.nlm.nih.gov/biosample/SAMN19284663,SRA: https://www.ncbi.nlm.nih.gov/sra?term=SRX10947820,NONE,Dopaminergic Neuron,no,SARS-Cov-2 infected 48 hours,SRR14602072,2021-10-21 12:26:30,2021-05-22 06:07:15,42003972,4284405144,42003972,102,1280,https://storage.googleapis.com/nih-sequence-read-archive/run/SRR14602072/SRR14602072,SRX10947820,RNA-Seq,cDNA,TRANSCRIPTOMIC,PAIRED,0,0,ILLUMINA,Illumina NovaSeq 6000,SRP320664,PRJNA731457,731457,SRS9026729,SAMN19284663,simple,9606,Homo sapiens,no,GEO,SRA1234813,public,369C7646F855C96EB7D0802AB4E0C633,2E149B99517016465150391CC6309680
GSM5325441,GSM5325441,Sample 6_dpamine neuron-48h-H-3,Public on Oct 20 2021,May 20 2021,Oct 20 2021,SRA,1,Neural cells,Homo sapiens,cell type: Dopaminergic Neuron,viral infected: SARS-Cov-2 infected 48 hours,treatment: no,"For drug treatment, DA neurons were infected with SARS-CoV-2 at six hours post-treatment.","Midbrain dopaminergic neuron differentiation were performed using H9 hESCs, which include Nurr1: GFP hESC.  hESCs were grown on VTN-N (Thermo Fisher Scientific)-coated 6-well plates in E8-essential medium. Cells were maintained at 37℃, 5% CO2. hESCs were differentiated with an optimized protocol from a previously reported study",total RNA,Total RNA samples were prepared from cells and using TRIzol according to the manufacturer’s instructions.,RNAseq libraries of polyadenylated RNA were prepared using the TruSeq Stranded mRNA Library Prep Kit (Illumina) according to the manufacturer’s instructions and sequenced on an Illumina NextSeq 500 platform.,9606,processed data file: raw_counts.dpamine_neuron-48h.txt,"",Illumina bcl2fastq2 v2.20 was used for basecalling.,"For sample 1-6 and 28-33, Sequenced reads were trimmed for low-quality bases and for adapter sequences using cutadapt; then mapped to the human hg19 reference genome plus SARS-CoV-2 genome using STAR v2.5.2b. Raw read counts were quantified using HTSeq-count v0.11.2.","For sample 7-27, the raw reads were aligned to human genome (GRCh38) using HISAT2 (version=2.1.0). The raw counts were extracted from bam files by featureCounts function (from package subread version=1.6.4).",Genome_build: GRCh38,Supplementary_files_format_and_content: plain txt file storing read counts per gene per sample,GPL24676,"Shuibing,,Chen",shuibing.chen@gmail.com,2127465431,Surgery,Weill Cornell Medical College,"A 827B, 1300 York Ave",New York,NY,10065,USA,0,Illumina NovaSeq 6000,cDNA,transcriptomic,RNA-Seq,BioSample: https://www.ncbi.nlm.nih.gov/biosample/SAMN19284662,SRA: https://www.ncbi.nlm.nih.gov/sra?term=SRX10947821,NONE,Dopaminergic Neuron,no,SARS-Cov-2 infected 48 hours,SRR14602073,2021-10-21 12:26:30,2021-05-22 11:38:36,44408265,4529643030,44408265,102,1359,https://storage.googleapis.com/nih-sequence-read-archive/run/SRR14602073/SRR14602073,SRX10947821,RNA-Seq,cDNA,TRANSCRIPTOMIC,PAIRED,0,0,ILLUMINA,Illumina NovaSeq 6000,SRP320664,PRJNA731457,731457,SRS9026726,SAMN19284662,simple,9606,Homo sapiens,no,GEO,SRA1234813,public,ADD231367A16A319DC53F5E6B9C4ABB4,1796CB64D0FC41D1283BB8A555F5ACA5
GSM5325442,GSM5325442,Sample 7_dopamine-DMSO1,Public on Oct 20 2021,May 20 2021,Oct 20 2021,SRA,1,Neural cells,Homo sapiens,cell type: Dopaminergic Neuron,viral infected: SARS-Cov-2 infected 48 hours,treatment: DMSO,"For drug treatment, DA neurons were infected with SARS-CoV-2 at six hours post-treatment.","Midbrain dopaminergic neuron differentiation were performed using H9 hESCs, which include Nurr1: GFP hESC.  hESCs were grown on VTN-N (Thermo Fisher Scientific)-coated 6-well plates in E8-essential medium. Cells were maintained at 37℃, 5% CO2. hESCs were differentiated with an optimized protocol from a previously reported study",total RNA,Total RNA samples were prepared from cells and using TRIzol according to the manufacturer’s instructions.,RNAseq libraries of polyadenylated RNA were prepared using the TruSeq Stranded mRNA Library Prep Kit (Illumina) according to the manufacturer’s instructions and sequenced on an Illumina NextSeq 500 platform.,9606,processed data file: raw_counts.dopamine.txt,"",Illumina bcl2fastq2 v2.20 was used for basecalling.,"For sample 1-6 and 28-33, Sequenced reads were trimmed for low-quality bases and for adapter sequences using cutadapt; then mapped to the human hg19 reference genome plus SARS-CoV-2 genome using STAR v2.5.2b. Raw read counts were quantified using HTSeq-count v0.11.2.","For sample 7-27, the raw reads were aligned to human genome (GRCh38) using HISAT2 (version=2.1.0). The raw counts were extracted from bam files by featureCounts function (from package subread version=1.6.4).",Genome_build: GRCh38,Supplementary_files_format_and_content: plain txt file storing read counts per gene per sample,GPL24676,"Shuibing,,Chen",shuibing.chen@gmail.com,2127465431,Surgery,Weill Cornell Medical College,"A 827B, 1300 York Ave",New York,NY,10065,USA,0,Illumina NovaSeq 6000,cDNA,transcriptomic,RNA-Seq,BioSample: https://www.ncbi.nlm.nih.gov/biosample/SAMN19284661,SRA: https://www.ncbi.nlm.nih.gov/sra?term=SRX10947822,NONE,Dopaminergic Neuron,DMSO,SARS-Cov-2 infected 48 hours,SRR14602074,2021-10-21 12:26:30,2021-05-22 04:32:32,20124265,2033233974,20124265,101,635,https://storage.googleapis.com/nih-sequence-read-archive/run/SRR14602074/SRR14602074,SRX10947822,RNA-Seq,cDNA,TRANSCRIPTOMIC,PAIRED,0,0,ILLUMINA,Illumina NovaSeq 6000,SRP320664,PRJNA731457,731457,SRS9026728,SAMN19284661,simple,9606,Homo sapiens,no,GEO,SRA1234813,public,DE646747092933E099F9AE6C37B0522D,EC3CEA0216601554E36E8140F95C3A83
GSM5325443,GSM5325443,Sample 8_dopamine-DMSO2,Public on Oct 20 2021,May 20 2021,Oct 20 2021,SRA,1,Neural cells,Homo sapiens,cell type: Dopaminergic Neuron,viral infected: SARS-Cov-2 infected 48 hours,treatment: DMSO,"For drug treatment, DA neurons were infected with SARS-CoV-2 at six hours post-treatment.","Midbrain dopaminergic neuron differentiation were performed using H9 hESCs, which include Nurr1: GFP hESC.  hESCs were grown on VTN-N (Thermo Fisher Scientific)-coated 6-well plates in E8-essential medium. Cells were maintained at 37℃, 5% CO2. hESCs were differentiated with an optimized protocol from a previously reported study",total RNA,Total RNA samples were prepared from cells and using TRIzol according to the manufacturer’s instructions.,RNAseq libraries of polyadenylated RNA were prepared using the TruSeq Stranded mRNA Library Prep Kit (Illumina) according to the manufacturer’s instructions and sequenced on an Illumina NextSeq 500 platform.,9606,processed data file: raw_counts.dopamine.txt,"",Illumina bcl2fastq2 v2.20 was used for basecalling.,"For sample 1-6 and 28-33, Sequenced reads were trimmed for low-quality bases and for adapter sequences using cutadapt; then mapped to the human hg19 reference genome plus SARS-CoV-2 genome using STAR v2.5.2b. Raw read counts were quantified using HTSeq-count v0.11.2.","For sample 7-27, the raw reads were aligned to human genome (GRCh38) using HISAT2 (version=2.1.0). The raw counts were extracted from bam files by featureCounts function (from package subread version=1.6.4).",Genome_build: GRCh38,Supplementary_files_format_and_content: plain txt file storing read counts per gene per sample,GPL24676,"Shuibing,,Chen",shuibing.chen@gmail.com,2127465431,Surgery,Weill Cornell Medical College,"A 827B, 1300 York Ave",New York,NY,10065,USA,0,Illumina NovaSeq 6000,cDNA,transcriptomic,RNA-Seq,BioSample: https://www.ncbi.nlm.nih.gov/biosample/SAMN19284660,SRA: https://www.ncbi.nlm.nih.gov/sra?term=SRX10947823,NONE,Dopaminergic Neuron,DMSO,SARS-Cov-2 infected 48 hours,SRR14602075,2021-10-21 12:26:30,2021-05-22 12:13:37,86379914,8727390849,86379914,101,2693,https://storage.googleapis.com/nih-sequence-read-archive/run/SRR14602075/SRR14602075,SRX10947823,RNA-Seq,cDNA,TRANSCRIPTOMIC,PAIRED,0,0,ILLUMINA,Illumina NovaSeq 6000,SRP320664,PRJNA731457,731457,SRS9026727,SAMN19284660,simple,9606,Homo sapiens,no,GEO,SRA1234813,public,F42523E6E1E6A7AC4F30B3816A6FC926,17A63C6210066F1A818B0EECD427ACD7
GSM5325444,GSM5325444,Sample 9_dopamine-DMSO3,Public on Oct 20 2021,May 20 2021,Oct 20 2021,SRA,1,Neural cells,Homo sapiens,cell type: Dopaminergic Neuron,viral infected: SARS-Cov-2 infected 48 hours,treatment: DMSO,"For drug treatment, DA neurons were infected with SARS-CoV-2 at six hours post-treatment.","Midbrain dopaminergic neuron differentiation were performed using H9 hESCs, which include Nurr1: GFP hESC.  hESCs were grown on VTN-N (Thermo Fisher Scientific)-coated 6-well plates in E8-essential medium. Cells were maintained at 37℃, 5% CO2. hESCs were differentiated with an optimized protocol from a previously reported study",total RNA,Total RNA samples were prepared from cells and using TRIzol according to the manufacturer’s instructions.,RNAseq libraries of polyadenylated RNA were prepared using the TruSeq Stranded mRNA Library Prep Kit (Illumina) according to the manufacturer’s instructions and sequenced on an Illumina NextSeq 500 platform.,9606,processed data file: raw_counts.dopamine.txt,"",Illumina bcl2fastq2 v2.20 was used for basecalling.,"For sample 1-6 and 28-33, Sequenced reads were trimmed for low-quality bases and for adapter sequences using cutadapt; then mapped to the human hg19 reference genome plus SARS-CoV-2 genome using STAR v2.5.2b. Raw read counts were quantified using HTSeq-count v0.11.2.","For sample 7-27, the raw reads were aligned to human genome (GRCh38) using HISAT2 (version=2.1.0). The raw counts were extracted from bam files by featureCounts function (from package subread version=1.6.4).",Genome_build: GRCh38,Supplementary_files_format_and_content: plain txt file storing read counts per gene per sample,GPL24676,"Shuibing,,Chen",shuibing.chen@gmail.com,2127465431,Surgery,Weill Cornell Medical College,"A 827B, 1300 York Ave",New York,NY,10065,USA,0,Illumina NovaSeq 6000,cDNA,transcriptomic,RNA-Seq,BioSample: https://www.ncbi.nlm.nih.gov/biosample/SAMN19284692,SRA: https://www.ncbi.nlm.nih.gov/sra?term=SRX10947824,NONE,Dopaminergic Neuron,DMSO,SARS-Cov-2 infected 48 hours,SRR14602076,2021-10-21 12:26:30,2021-05-22 14:09:07,91772514,9271345904,91772514,101,2862,https://storage.googleapis.com/nih-sequence-read-archive/run/SRR14602076/SRR14602076,SRX10947824,RNA-Seq,cDNA,TRANSCRIPTOMIC,PAIRED,0,0,ILLUMINA,Illumina NovaSeq 6000,SRP320664,PRJNA731457,731457,SRS9026730,SAMN19284692,simple,9606,Homo sapiens,no,GEO,SRA1234813,public,47A5CF7C2FF7D0CA2A87BEB04E5FDA7B,0386D2B2C608D073D55BA7C0DACE9479
GSM5325445,GSM5325445,Sample 10_dopamine-Riluzole1,Public on Oct 20 2021,May 20 2021,Oct 20 2021,SRA,1,Neural cells,Homo sapiens,cell type: Dopaminergic Neuron,viral infected: SARS-Cov-2 infected 48 hours,treatment: Riluzole,"For drug treatment, DA neurons were infected with SARS-CoV-2 at six hours post-treatment.","Midbrain dopaminergic neuron differentiation were performed using H9 hESCs, which include Nurr1: GFP hESC.  hESCs were grown on VTN-N (Thermo Fisher Scientific)-coated 6-well plates in E8-essential medium. Cells were maintained at 37℃, 5% CO2. hESCs were differentiated with an optimized protocol from a previously reported study",total RNA,Total RNA samples were prepared from cells and using TRIzol according to the manufacturer’s instructions.,RNAseq libraries of polyadenylated RNA were prepared using the TruSeq Stranded mRNA Library Prep Kit (Illumina) according to the manufacturer’s instructions and sequenced on an Illumina NextSeq 500 platform.,9606,processed data file: raw_counts.dopamine.txt,"",Illumina bcl2fastq2 v2.20 was used for basecalling.,"For sample 1-6 and 28-33, Sequenced reads were trimmed for low-quality bases and for adapter sequences using cutadapt; then mapped to the human hg19 reference genome plus SARS-CoV-2 genome using STAR v2.5.2b. Raw read counts were quantified using HTSeq-count v0.11.2.","For sample 7-27, the raw reads were aligned to human genome (GRCh38) using HISAT2 (version=2.1.0). The raw counts were extracted from bam files by featureCounts function (from package subread version=1.6.4).",Genome_build: GRCh38,Supplementary_files_format_and_content: plain txt file storing read counts per gene per sample,GPL24676,"Shuibing,,Chen",shuibing.chen@gmail.com,2127465431,Surgery,Weill Cornell Medical College,"A 827B, 1300 York Ave",New York,NY,10065,USA,0,Illumina NovaSeq 6000,cDNA,transcriptomic,RNA-Seq,BioSample: https://www.ncbi.nlm.nih.gov/biosample/SAMN19284691,SRA: https://www.ncbi.nlm.nih.gov/sra?term=SRX10947825,NONE,Dopaminergic Neuron,Riluzole,SARS-Cov-2 infected 48 hours,SRR14602077,2021-10-21 12:26:30,2021-05-22 12:21:34,81656432,8250145227,81656432,101,2551,https://storage.googleapis.com/nih-sequence-read-archive/run/SRR14602077/SRR14602077,SRX10947825,RNA-Seq,cDNA,TRANSCRIPTOMIC,PAIRED,0,0,ILLUMINA,Illumina NovaSeq 6000,SRP320664,PRJNA731457,731457,SRS9026731,SAMN19284691,simple,9606,Homo sapiens,no,GEO,SRA1234813,public,4B80EC15848A320C9EE5D5D7E4484F9D,33E8915720371E68FE050280AB65A037
GSM5325446,GSM5325446,Sample 11_dopamine-Riluzole2,Public on Oct 20 2021,May 20 2021,Oct 20 2021,SRA,1,Neural cells,Homo sapiens,cell type: Dopaminergic Neuron,viral infected: SARS-Cov-2 infected 48 hours,treatment: Riluzole,"For drug treatment, DA neurons were infected with SARS-CoV-2 at six hours post-treatment.","Midbrain dopaminergic neuron differentiation were performed using H9 hESCs, which include Nurr1: GFP hESC.  hESCs were grown on VTN-N (Thermo Fisher Scientific)-coated 6-well plates in E8-essential medium. Cells were maintained at 37℃, 5% CO2. hESCs were differentiated with an optimized protocol from a previously reported study",total RNA,Total RNA samples were prepared from cells and using TRIzol according to the manufacturer’s instructions.,RNAseq libraries of polyadenylated RNA were prepared using the TruSeq Stranded mRNA Library Prep Kit (Illumina) according to the manufacturer’s instructions and sequenced on an Illumina NextSeq 500 platform.,9606,processed data file: raw_counts.dopamine.txt,"",Illumina bcl2fastq2 v2.20 was used for basecalling.,"For sample 1-6 and 28-33, Sequenced reads were trimmed for low-quality bases and for adapter sequences using cutadapt; then mapped to the human hg19 reference genome plus SARS-CoV-2 genome using STAR v2.5.2b. Raw read counts were quantified using HTSeq-count v0.11.2.","For sample 7-27, the raw reads were aligned to human genome (GRCh38) using HISAT2 (version=2.1.0). The raw counts were extracted from bam files by featureCounts function (from package subread version=1.6.4).",Genome_build: GRCh38,Supplementary_files_format_and_content: plain txt file storing read counts per gene per sample,GPL24676,"Shuibing,,Chen",shuibing.chen@gmail.com,2127465431,Surgery,Weill Cornell Medical College,"A 827B, 1300 York Ave",New York,NY,10065,USA,0,Illumina NovaSeq 6000,cDNA,transcriptomic,RNA-Seq,BioSample: https://www.ncbi.nlm.nih.gov/biosample/SAMN19284690,SRA: https://www.ncbi.nlm.nih.gov/sra?term=SRX10947826,NONE,Dopaminergic Neuron,Riluzole,SARS-Cov-2 infected 48 hours,SRR14602078,2021-10-21 12:26:30,2021-05-22 10:01:51,101940360,10299289217,101940360,101,3177,https://storage.googleapis.com/nih-sequence-read-archive/run/SRR14602078/SRR14602078,SRX10947826,RNA-Seq,cDNA,TRANSCRIPTOMIC,PAIRED,0,0,ILLUMINA,Illumina NovaSeq 6000,SRP320664,PRJNA731457,731457,SRS9026732,SAMN19284690,simple,9606,Homo sapiens,no,GEO,SRA1234813,public,DBC33147A0AED41035C60609E2495163,01A085F0771A02E29463E482D7BD2159
GSM5325447,GSM5325447,Sample 12_dopamine-Riluzole3,Public on Oct 20 2021,May 20 2021,Oct 20 2021,SRA,1,Neural cells,Homo sapiens,cell type: Dopaminergic Neuron,viral infected: SARS-Cov-2 infected 48 hours,treatment: Riluzole,"For drug treatment, DA neurons were infected with SARS-CoV-2 at six hours post-treatment.","Midbrain dopaminergic neuron differentiation were performed using H9 hESCs, which include Nurr1: GFP hESC.  hESCs were grown on VTN-N (Thermo Fisher Scientific)-coated 6-well plates in E8-essential medium. Cells were maintained at 37℃, 5% CO2. hESCs were differentiated with an optimized protocol from a previously reported study",total RNA,Total RNA samples were prepared from cells and using TRIzol according to the manufacturer’s instructions.,RNAseq libraries of polyadenylated RNA were prepared using the TruSeq Stranded mRNA Library Prep Kit (Illumina) according to the manufacturer’s instructions and sequenced on an Illumina NextSeq 500 platform.,9606,processed data file: raw_counts.dopamine.txt,"",Illumina bcl2fastq2 v2.20 was used for basecalling.,"For sample 1-6 and 28-33, Sequenced reads were trimmed for low-quality bases and for adapter sequences using cutadapt; then mapped to the human hg19 reference genome plus SARS-CoV-2 genome using STAR v2.5.2b. Raw read counts were quantified using HTSeq-count v0.11.2.","For sample 7-27, the raw reads were aligned to human genome (GRCh38) using HISAT2 (version=2.1.0). The raw counts were extracted from bam files by featureCounts function (from package subread version=1.6.4).",Genome_build: GRCh38,Supplementary_files_format_and_content: plain txt file storing read counts per gene per sample,GPL24676,"Shuibing,,Chen",shuibing.chen@gmail.com,2127465431,Surgery,Weill Cornell Medical College,"A 827B, 1300 York Ave",New York,NY,10065,USA,0,Illumina NovaSeq 6000,cDNA,transcriptomic,RNA-Seq,BioSample: https://www.ncbi.nlm.nih.gov/biosample/SAMN19284689,SRA: https://www.ncbi.nlm.nih.gov/sra?term=SRX10947827,NONE,Dopaminergic Neuron,Riluzole,SARS-Cov-2 infected 48 hours,SRR14602079,2021-10-21 12:26:30,2021-05-22 11:04:28,75494310,7626761139,75494310,101,2358,https://storage.googleapis.com/nih-sequence-read-archive/run/SRR14602079/SRR14602079,SRX10947827,RNA-Seq,cDNA,TRANSCRIPTOMIC,PAIRED,0,0,ILLUMINA,Illumina NovaSeq 6000,SRP320664,PRJNA731457,731457,SRS9026733,SAMN19284689,simple,9606,Homo sapiens,no,GEO,SRA1234813,public,180A6BD14BCD60E27836E5078D84F3EB,2AA7EC089893E9C60F9A7B983BEC80BC
GSM5325448,GSM5325448,Sample 13_dopamine-imatinib1,Public on Oct 20 2021,May 20 2021,Oct 20 2021,SRA,1,Neural cells,Homo sapiens,cell type: Dopaminergic Neuron,viral infected: SARS-Cov-2 infected 48 hours,treatment: imatinib,"For drug treatment, DA neurons were infected with SARS-CoV-2 at six hours post-treatment.","Midbrain dopaminergic neuron differentiation were performed using H9 hESCs, which include Nurr1: GFP hESC.  hESCs were grown on VTN-N (Thermo Fisher Scientific)-coated 6-well plates in E8-essential medium. Cells were maintained at 37℃, 5% CO2. hESCs were differentiated with an optimized protocol from a previously reported study",total RNA,Total RNA samples were prepared from cells and using TRIzol according to the manufacturer’s instructions.,RNAseq libraries of polyadenylated RNA were prepared using the TruSeq Stranded mRNA Library Prep Kit (Illumina) according to the manufacturer’s instructions and sequenced on an Illumina NextSeq 500 platform.,9606,processed data file: raw_counts.dopamine.txt,"",Illumina bcl2fastq2 v2.20 was used for basecalling.,"For sample 1-6 and 28-33, Sequenced reads were trimmed for low-quality bases and for adapter sequences using cutadapt; then mapped to the human hg19 reference genome plus SARS-CoV-2 genome using STAR v2.5.2b. Raw read counts were quantified using HTSeq-count v0.11.2.","For sample 7-27, the raw reads were aligned to human genome (GRCh38) using HISAT2 (version=2.1.0). The raw counts were extracted from bam files by featureCounts function (from package subread version=1.6.4).",Genome_build: GRCh38,Supplementary_files_format_and_content: plain txt file storing read counts per gene per sample,GPL24676,"Shuibing,,Chen",shuibing.chen@gmail.com,2127465431,Surgery,Weill Cornell Medical College,"A 827B, 1300 York Ave",New York,NY,10065,USA,0,Illumina NovaSeq 6000,cDNA,transcriptomic,RNA-Seq,BioSample: https://www.ncbi.nlm.nih.gov/biosample/SAMN19284659,SRA: https://www.ncbi.nlm.nih.gov/sra?term=SRX10947828,NONE,Dopaminergic Neuron,imatinib,SARS-Cov-2 infected 48 hours,SRR14602080,2021-10-21 12:26:30,2021-05-22 06:32:26,29945526,3025513160,29945526,101,945,https://storage.googleapis.com/nih-sequence-read-archive/run/SRR14602080/SRR14602080,SRX10947828,RNA-Seq,cDNA,TRANSCRIPTOMIC,PAIRED,0,0,ILLUMINA,Illumina NovaSeq 6000,SRP320664,PRJNA731457,731457,SRS9026734,SAMN19284659,simple,9606,Homo sapiens,no,GEO,SRA1234813,public,E8F8031141DCFC6037FF392237153791,5C0203442FFD622530EBB15AC60C3108
GSM5325449,GSM5325449,Sample 14_dopamine-imatinib2,Public on Oct 20 2021,May 20 2021,Oct 20 2021,SRA,1,Neural cells,Homo sapiens,cell type: Dopaminergic Neuron,viral infected: SARS-Cov-2 infected 48 hours,treatment: imatinib,"For drug treatment, DA neurons were infected with SARS-CoV-2 at six hours post-treatment.","Midbrain dopaminergic neuron differentiation were performed using H9 hESCs, which include Nurr1: GFP hESC.  hESCs were grown on VTN-N (Thermo Fisher Scientific)-coated 6-well plates in E8-essential medium. Cells were maintained at 37℃, 5% CO2. hESCs were differentiated with an optimized protocol from a previously reported study",total RNA,Total RNA samples were prepared from cells and using TRIzol according to the manufacturer’s instructions.,RNAseq libraries of polyadenylated RNA were prepared using the TruSeq Stranded mRNA Library Prep Kit (Illumina) according to the manufacturer’s instructions and sequenced on an Illumina NextSeq 500 platform.,9606,processed data file: raw_counts.dopamine.txt,"",Illumina bcl2fastq2 v2.20 was used for basecalling.,"For sample 1-6 and 28-33, Sequenced reads were trimmed for low-quality bases and for adapter sequences using cutadapt; then mapped to the human hg19 reference genome plus SARS-CoV-2 genome using STAR v2.5.2b. Raw read counts were quantified using HTSeq-count v0.11.2.","For sample 7-27, the raw reads were aligned to human genome (GRCh38) using HISAT2 (version=2.1.0). The raw counts were extracted from bam files by featureCounts function (from package subread version=1.6.4).",Genome_build: GRCh38,Supplementary_files_format_and_content: plain txt file storing read counts per gene per sample,GPL24676,"Shuibing,,Chen",shuibing.chen@gmail.com,2127465431,Surgery,Weill Cornell Medical College,"A 827B, 1300 York Ave",New York,NY,10065,USA,0,Illumina NovaSeq 6000,cDNA,transcriptomic,RNA-Seq,BioSample: https://www.ncbi.nlm.nih.gov/biosample/SAMN19284658,SRA: https://www.ncbi.nlm.nih.gov/sra?term=SRX10947829,NONE,Dopaminergic Neuron,imatinib,SARS-Cov-2 infected 48 hours,SRR14602081,2021-10-21 12:26:30,2021-05-22 05:59:35,28183214,2847332244,28183214,101,889,https://storage.googleapis.com/nih-sequence-read-archive/run/SRR14602081/SRR14602081,SRX10947829,RNA-Seq,cDNA,TRANSCRIPTOMIC,PAIRED,0,0,ILLUMINA,Illumina NovaSeq 6000,SRP320664,PRJNA731457,731457,SRS9026735,SAMN19284658,simple,9606,Homo sapiens,no,GEO,SRA1234813,public,1112EC713F0B65C9A53969F7D7C7BF9A,E5C4DD454C6DFC3382515913139C7BB6
GSM5325450,GSM5325450,Sample 15_dopamine-imatinib3,Public on Oct 20 2021,May 20 2021,Oct 20 2021,SRA,1,Neural cells,Homo sapiens,cell type: Dopaminergic Neuron,viral infected: SARS-Cov-2 infected 48 hours,treatment: imatinib,"For drug treatment, DA neurons were infected with SARS-CoV-2 at six hours post-treatment.","Midbrain dopaminergic neuron differentiation were performed using H9 hESCs, which include Nurr1: GFP hESC.  hESCs were grown on VTN-N (Thermo Fisher Scientific)-coated 6-well plates in E8-essential medium. Cells were maintained at 37℃, 5% CO2. hESCs were differentiated with an optimized protocol from a previously reported study",total RNA,Total RNA samples were prepared from cells and using TRIzol according to the manufacturer’s instructions.,RNAseq libraries of polyadenylated RNA were prepared using the TruSeq Stranded mRNA Library Prep Kit (Illumina) according to the manufacturer’s instructions and sequenced on an Illumina NextSeq 500 platform.,9606,processed data file: raw_counts.dopamine.txt,"",Illumina bcl2fastq2 v2.20 was used for basecalling.,"For sample 1-6 and 28-33, Sequenced reads were trimmed for low-quality bases and for adapter sequences using cutadapt; then mapped to the human hg19 reference genome plus SARS-CoV-2 genome using STAR v2.5.2b. Raw read counts were quantified using HTSeq-count v0.11.2.","For sample 7-27, the raw reads were aligned to human genome (GRCh38) using HISAT2 (version=2.1.0). The raw counts were extracted from bam files by featureCounts function (from package subread version=1.6.4).",Genome_build: GRCh38,Supplementary_files_format_and_content: plain txt file storing read counts per gene per sample,GPL24676,"Shuibing,,Chen",shuibing.chen@gmail.com,2127465431,Surgery,Weill Cornell Medical College,"A 827B, 1300 York Ave",New York,NY,10065,USA,0,Illumina NovaSeq 6000,cDNA,transcriptomic,RNA-Seq,BioSample: https://www.ncbi.nlm.nih.gov/biosample/SAMN19284657,SRA: https://www.ncbi.nlm.nih.gov/sra?term=SRX10947830,NONE,Dopaminergic Neuron,imatinib,SARS-Cov-2 infected 48 hours,SRR14602082,2021-10-21 12:26:30,2021-05-22 06:29:47,30352788,3066569561,30352788,101,954,https://storage.googleapis.com/nih-sequence-read-archive/run/SRR14602082/SRR14602082,SRX10947830,RNA-Seq,cDNA,TRANSCRIPTOMIC,PAIRED,0,0,ILLUMINA,Illumina NovaSeq 6000,SRP320664,PRJNA731457,731457,SRS9026736,SAMN19284657,simple,9606,Homo sapiens,no,GEO,SRA1234813,public,B76A1573089FECBA224233D966BB2175,6BFD7CC9FBB12990A1FD9A8DE332D5D4
GSM5325451,GSM5325451,Sample 16_dopamine-Metformin1,Public on Oct 20 2021,May 20 2021,Oct 20 2021,SRA,1,Neural cells,Homo sapiens,cell type: Dopaminergic Neuron,viral infected: SARS-Cov-2 infected 48 hours,treatment: Metformin,"For drug treatment, DA neurons were infected with SARS-CoV-2 at six hours post-treatment.","Midbrain dopaminergic neuron differentiation were performed using H9 hESCs, which include Nurr1: GFP hESC.  hESCs were grown on VTN-N (Thermo Fisher Scientific)-coated 6-well plates in E8-essential medium. Cells were maintained at 37℃, 5% CO2. hESCs were differentiated with an optimized protocol from a previously reported study",total RNA,Total RNA samples were prepared from cells and using TRIzol according to the manufacturer’s instructions.,RNAseq libraries of polyadenylated RNA were prepared using the TruSeq Stranded mRNA Library Prep Kit (Illumina) according to the manufacturer’s instructions and sequenced on an Illumina NextSeq 500 platform.,9606,processed data file: raw_counts.dopamine.txt,"",Illumina bcl2fastq2 v2.20 was used for basecalling.,"For sample 1-6 and 28-33, Sequenced reads were trimmed for low-quality bases and for adapter sequences using cutadapt; then mapped to the human hg19 reference genome plus SARS-CoV-2 genome using STAR v2.5.2b. Raw read counts were quantified using HTSeq-count v0.11.2.","For sample 7-27, the raw reads were aligned to human genome (GRCh38) using HISAT2 (version=2.1.0). The raw counts were extracted from bam files by featureCounts function (from package subread version=1.6.4).",Genome_build: GRCh38,Supplementary_files_format_and_content: plain txt file storing read counts per gene per sample,GPL24676,"Shuibing,,Chen",shuibing.chen@gmail.com,2127465431,Surgery,Weill Cornell Medical College,"A 827B, 1300 York Ave",New York,NY,10065,USA,0,Illumina NovaSeq 6000,cDNA,transcriptomic,RNA-Seq,BioSample: https://www.ncbi.nlm.nih.gov/biosample/SAMN19284656,SRA: https://www.ncbi.nlm.nih.gov/sra?term=SRX10947831,NONE,Dopaminergic Neuron,Metformin,SARS-Cov-2 infected 48 hours,SRR14602083,2021-10-21 12:26:30,2021-05-22 05:04:09,32795308,3312813968,32795308,101,1054,https://storage.googleapis.com/nih-sequence-read-archive/run/SRR14602083/SRR14602083,SRX10947831,RNA-Seq,cDNA,TRANSCRIPTOMIC,PAIRED,0,0,ILLUMINA,Illumina NovaSeq 6000,SRP320664,PRJNA731457,731457,SRS9026737,SAMN19284656,simple,9606,Homo sapiens,no,GEO,SRA1234813,public,C79F93DDC0E84D7A7CDBACE5C444A87B,DD145C7C98C5A244D2DD9339789DF3F4
GSM5325452,GSM5325452,Sample 17_dopamine-Metformin2,Public on Oct 20 2021,May 20 2021,Oct 20 2021,SRA,1,Neural cells,Homo sapiens,cell type: Dopaminergic Neuron,viral infected: SARS-Cov-2 infected 48 hours,treatment: Metformin,"For drug treatment, DA neurons were infected with SARS-CoV-2 at six hours post-treatment.","Midbrain dopaminergic neuron differentiation were performed using H9 hESCs, which include Nurr1: GFP hESC.  hESCs were grown on VTN-N (Thermo Fisher Scientific)-coated 6-well plates in E8-essential medium. Cells were maintained at 37℃, 5% CO2. hESCs were differentiated with an optimized protocol from a previously reported study",total RNA,Total RNA samples were prepared from cells and using TRIzol according to the manufacturer’s instructions.,RNAseq libraries of polyadenylated RNA were prepared using the TruSeq Stranded mRNA Library Prep Kit (Illumina) according to the manufacturer’s instructions and sequenced on an Illumina NextSeq 500 platform.,9606,processed data file: raw_counts.dopamine.txt,"",Illumina bcl2fastq2 v2.20 was used for basecalling.,"For sample 1-6 and 28-33, Sequenced reads were trimmed for low-quality bases and for adapter sequences using cutadapt; then mapped to the human hg19 reference genome plus SARS-CoV-2 genome using STAR v2.5.2b. Raw read counts were quantified using HTSeq-count v0.11.2.","For sample 7-27, the raw reads were aligned to human genome (GRCh38) using HISAT2 (version=2.1.0). The raw counts were extracted from bam files by featureCounts function (from package subread version=1.6.4).",Genome_build: GRCh38,Supplementary_files_format_and_content: plain txt file storing read counts per gene per sample,GPL24676,"Shuibing,,Chen",shuibing.chen@gmail.com,2127465431,Surgery,Weill Cornell Medical College,"A 827B, 1300 York Ave",New York,NY,10065,USA,0,Illumina NovaSeq 6000,cDNA,transcriptomic,RNA-Seq,BioSample: https://www.ncbi.nlm.nih.gov/biosample/SAMN19284688,SRA: https://www.ncbi.nlm.nih.gov/sra?term=SRX10947832,NONE,Dopaminergic Neuron,Metformin,SARS-Cov-2 infected 48 hours,SRR14602084,2021-10-21 12:26:30,2021-05-22 10:08:53,60866500,6149291713,60866500,101,1911,https://storage.googleapis.com/nih-sequence-read-archive/run/SRR14602084/SRR14602084,SRX10947832,RNA-Seq,cDNA,TRANSCRIPTOMIC,PAIRED,0,0,ILLUMINA,Illumina NovaSeq 6000,SRP320664,PRJNA731457,731457,SRS9026738,SAMN19284688,simple,9606,Homo sapiens,no,GEO,SRA1234813,public,B5123009A4035CD2CDBC56F990662083,20B5D3D438CD0FC37BC5127A876B32C3
GSM5325453,GSM5325453,Sample 18_dopamine-Metformin3,Public on Oct 20 2021,May 20 2021,Oct 20 2021,SRA,1,Neural cells,Homo sapiens,cell type: Dopaminergic Neuron,viral infected: SARS-Cov-2 infected 48 hours,treatment: Metformin,"For drug treatment, DA neurons were infected with SARS-CoV-2 at six hours post-treatment.","Midbrain dopaminergic neuron differentiation were performed using H9 hESCs, which include Nurr1: GFP hESC.  hESCs were grown on VTN-N (Thermo Fisher Scientific)-coated 6-well plates in E8-essential medium. Cells were maintained at 37℃, 5% CO2. hESCs were differentiated with an optimized protocol from a previously reported study",total RNA,Total RNA samples were prepared from cells and using TRIzol according to the manufacturer’s instructions.,RNAseq libraries of polyadenylated RNA were prepared using the TruSeq Stranded mRNA Library Prep Kit (Illumina) according to the manufacturer’s instructions and sequenced on an Illumina NextSeq 500 platform.,9606,processed data file: raw_counts.dopamine.txt,"",Illumina bcl2fastq2 v2.20 was used for basecalling.,"For sample 1-6 and 28-33, Sequenced reads were trimmed for low-quality bases and for adapter sequences using cutadapt; then mapped to the human hg19 reference genome plus SARS-CoV-2 genome using STAR v2.5.2b. Raw read counts were quantified using HTSeq-count v0.11.2.","For sample 7-27, the raw reads were aligned to human genome (GRCh38) using HISAT2 (version=2.1.0). The raw counts were extracted from bam files by featureCounts function (from package subread version=1.6.4).",Genome_build: GRCh38,Supplementary_files_format_and_content: plain txt file storing read counts per gene per sample,GPL24676,"Shuibing,,Chen",shuibing.chen@gmail.com,2127465431,Surgery,Weill Cornell Medical College,"A 827B, 1300 York Ave",New York,NY,10065,USA,0,Illumina NovaSeq 6000,cDNA,transcriptomic,RNA-Seq,BioSample: https://www.ncbi.nlm.nih.gov/biosample/SAMN19284687,SRA: https://www.ncbi.nlm.nih.gov/sra?term=SRX10947833,NONE,Dopaminergic Neuron,Metformin,SARS-Cov-2 infected 48 hours,SRR14602085,2021-10-21 12:26:30,2021-05-22 08:07:54,48066969,4856216503,48066969,101,1507,https://storage.googleapis.com/nih-sequence-read-archive/run/SRR14602085/SRR14602085,SRX10947833,RNA-Seq,cDNA,TRANSCRIPTOMIC,PAIRED,0,0,ILLUMINA,Illumina NovaSeq 6000,SRP320664,PRJNA731457,731457,SRS9026739,SAMN19284687,simple,9606,Homo sapiens,no,GEO,SRA1234813,public,547DEEB54311416069D3984A7CFB8DE0,C9B78A194668B06A2CF3380B1E69654F
GSM5325454,GSM5325454,Sample 19_COVID#1,Public on Oct 20 2021,May 20 2021,Oct 20 2021,SRA,1,FFPE tissues,Homo sapiens,cell type: human ventral midbrain tissue,viral infected: COVID19 patient,treatment: no,"For drug treatment, DA neurons were infected with SARS-CoV-2 at six hours post-treatment.","Midbrain dopaminergic neuron differentiation were performed using H9 hESCs, which include Nurr1: GFP hESC.  hESCs were grown on VTN-N (Thermo Fisher Scientific)-coated 6-well plates in E8-essential medium. Cells were maintained at 37℃, 5% CO2. hESCs were differentiated with an optimized protocol from a previously reported study",total RNA,Total RNA samples were prepared from cells and using TRIzol according to the manufacturer’s instructions.,RNAseq libraries of polyadenylated RNA were prepared using the TruSeq Stranded mRNA Library Prep Kit (Illumina) according to the manufacturer’s instructions and sequenced on an Illumina NextSeq 500 platform.,9606,For human genome,processed data file: raw_counts.patient_neuron.txt,Illumina bcl2fastq2 v2.20 was used for basecalling.,"For sample 1-6 and 28-33, Sequenced reads were trimmed for low-quality bases and for adapter sequences using cutadapt; then mapped to the human hg19 reference genome plus SARS-CoV-2 genome using STAR v2.5.2b. Raw read counts were quantified using HTSeq-count v0.11.2.","For sample 7-27, the raw reads were aligned to human genome (GRCh38) using HISAT2 (version=2.1.0). The raw counts were extracted from bam files by featureCounts function (from package subread version=1.6.4).",Genome_build: GRCh38,Supplementary_files_format_and_content: plain txt file storing read counts per gene per sample,GPL24676,"Shuibing,,Chen",shuibing.chen@gmail.com,2127465431,Surgery,Weill Cornell Medical College,"A 827B, 1300 York Ave",New York,NY,10065,USA,0,Illumina NovaSeq 6000,cDNA,transcriptomic,RNA-Seq,BioSample: https://www.ncbi.nlm.nih.gov/biosample/SAMN19284686,SRA: https://www.ncbi.nlm.nih.gov/sra?term=SRX10947834,NONE,human ventral midbrain tissue,no,COVID19 patient,SRR14602086,2021-10-21 12:26:30,2021-05-20 20:45:35,25654063,7747527026,25654063,302,2408,https://storage.googleapis.com/nih-sequence-read-archive/run/SRR14602086/SRR14602086,SRX10947834,RNA-Seq,cDNA,TRANSCRIPTOMIC,PAIRED,0,0,ILLUMINA,Illumina NovaSeq 6000,SRP320664,PRJNA731457,731457,SRS9026740,SAMN19284686,simple,9606,Homo sapiens,no,GEO,SRA1234813,public,F728EF123B345D02E73181DB939FD284,ADA3568E325064FCB2180B0912FAC996
GSM5325455,GSM5325455,Sample 20_COVID#4,Public on Oct 20 2021,May 20 2021,Oct 20 2021,SRA,1,FFPE tissues,Homo sapiens,cell type: human ventral midbrain tissue,viral infected: COVID19 patient,treatment: no,"For drug treatment, DA neurons were infected with SARS-CoV-2 at six hours post-treatment.","Midbrain dopaminergic neuron differentiation were performed using H9 hESCs, which include Nurr1: GFP hESC.  hESCs were grown on VTN-N (Thermo Fisher Scientific)-coated 6-well plates in E8-essential medium. Cells were maintained at 37℃, 5% CO2. hESCs were differentiated with an optimized protocol from a previously reported study",total RNA,Total RNA samples were prepared from cells and using TRIzol according to the manufacturer’s instructions.,RNAseq libraries of polyadenylated RNA were prepared using the TruSeq Stranded mRNA Library Prep Kit (Illumina) according to the manufacturer’s instructions and sequenced on an Illumina NextSeq 500 platform.,9606,For human genome,processed data file: raw_counts.patient_neuron.txt,Illumina bcl2fastq2 v2.20 was used for basecalling.,"For sample 1-6 and 28-33, Sequenced reads were trimmed for low-quality bases and for adapter sequences using cutadapt; then mapped to the human hg19 reference genome plus SARS-CoV-2 genome using STAR v2.5.2b. Raw read counts were quantified using HTSeq-count v0.11.2.","For sample 7-27, the raw reads were aligned to human genome (GRCh38) using HISAT2 (version=2.1.0). The raw counts were extracted from bam files by featureCounts function (from package subread version=1.6.4).",Genome_build: GRCh38,Supplementary_files_format_and_content: plain txt file storing read counts per gene per sample,GPL24676,"Shuibing,,Chen",shuibing.chen@gmail.com,2127465431,Surgery,Weill Cornell Medical College,"A 827B, 1300 York Ave",New York,NY,10065,USA,0,Illumina NovaSeq 6000,cDNA,transcriptomic,RNA-Seq,BioSample: https://www.ncbi.nlm.nih.gov/biosample/SAMN19284685,SRA: https://www.ncbi.nlm.nih.gov/sra?term=SRX10947835,NONE,human ventral midbrain tissue,no,COVID19 patient,SRR14602087,2021-10-21 12:26:30,2021-05-20 20:16:43,18989054,5734694308,18989054,302,1739,https://sra-pub-run-odp.s3.amazonaws.com/sra/SRR14602087/SRR14602087,SRX10947835,RNA-Seq,cDNA,TRANSCRIPTOMIC,PAIRED,0,0,ILLUMINA,Illumina NovaSeq 6000,SRP320664,PRJNA731457,731457,SRS9026741,SAMN19284685,simple,9606,Homo sapiens,no,GEO,SRA1234813,public,FA01CCC2A8233CB1DDE31F160A2B1539,ED09E594019FF89DFE0956180EB5806E
GSM5325456,GSM5325456,Sample 21_COVID#5,Public on Oct 20 2021,May 20 2021,Oct 20 2021,SRA,1,FFPE tissues,Homo sapiens,cell type: human ventral midbrain tissue,viral infected: COVID19 patient,treatment: no,"For drug treatment, DA neurons were infected with SARS-CoV-2 at six hours post-treatment.","Midbrain dopaminergic neuron differentiation were performed using H9 hESCs, which include Nurr1: GFP hESC.  hESCs were grown on VTN-N (Thermo Fisher Scientific)-coated 6-well plates in E8-essential medium. Cells were maintained at 37℃, 5% CO2. hESCs were differentiated with an optimized protocol from a previously reported study",total RNA,Total RNA samples were prepared from cells and using TRIzol according to the manufacturer’s instructions.,RNAseq libraries of polyadenylated RNA were prepared using the TruSeq Stranded mRNA Library Prep Kit (Illumina) according to the manufacturer’s instructions and sequenced on an Illumina NextSeq 500 platform.,9606,For human genome,processed data file: raw_counts.patient_neuron.txt,Illumina bcl2fastq2 v2.20 was used for basecalling.,"For sample 1-6 and 28-33, Sequenced reads were trimmed for low-quality bases and for adapter sequences using cutadapt; then mapped to the human hg19 reference genome plus SARS-CoV-2 genome using STAR v2.5.2b. Raw read counts were quantified using HTSeq-count v0.11.2.","For sample 7-27, the raw reads were aligned to human genome (GRCh38) using HISAT2 (version=2.1.0). The raw counts were extracted from bam files by featureCounts function (from package subread version=1.6.4).",Genome_build: GRCh38,Supplementary_files_format_and_content: plain txt file storing read counts per gene per sample,GPL24676,"Shuibing,,Chen",shuibing.chen@gmail.com,2127465431,Surgery,Weill Cornell Medical College,"A 827B, 1300 York Ave",New York,NY,10065,USA,0,Illumina NovaSeq 6000,cDNA,transcriptomic,RNA-Seq,BioSample: https://www.ncbi.nlm.nih.gov/biosample/SAMN19284684,SRA: https://www.ncbi.nlm.nih.gov/sra?term=SRX10947836,NONE,human ventral midbrain tissue,no,COVID19 patient,SRR14602088,2021-10-21 12:26:30,2021-05-21 00:42:20,27627381,8343469062,27627381,302,2556,https://sra-pub-run-odp.s3.amazonaws.com/sra/SRR14602088/SRR14602088,SRX10947836,RNA-Seq,cDNA,TRANSCRIPTOMIC,PAIRED,0,0,ILLUMINA,Illumina NovaSeq 6000,SRP320664,PRJNA731457,731457,SRS9026742,SAMN19284684,simple,9606,Homo sapiens,no,GEO,SRA1234813,public,FB613CA6DF524A295F0AD28B13035121,B391B0054DF0408963ED04A1EAD7BFEF
GSM5325457,GSM5325457,Sample 22_COVID#6,Public on Oct 20 2021,May 20 2021,Oct 20 2021,SRA,1,FFPE tissues,Homo sapiens,cell type: human ventral midbrain tissue,viral infected: COVID19 patient,treatment: no,"For drug treatment, DA neurons were infected with SARS-CoV-2 at six hours post-treatment.","Midbrain dopaminergic neuron differentiation were performed using H9 hESCs, which include Nurr1: GFP hESC.  hESCs were grown on VTN-N (Thermo Fisher Scientific)-coated 6-well plates in E8-essential medium. Cells were maintained at 37℃, 5% CO2. hESCs were differentiated with an optimized protocol from a previously reported study",total RNA,Total RNA samples were prepared from cells and using TRIzol according to the manufacturer’s instructions.,RNAseq libraries of polyadenylated RNA were prepared using the TruSeq Stranded mRNA Library Prep Kit (Illumina) according to the manufacturer’s instructions and sequenced on an Illumina NextSeq 500 platform.,9606,For human genome,processed data file: raw_counts.patient_neuron.txt,Illumina bcl2fastq2 v2.20 was used for basecalling.,"For sample 1-6 and 28-33, Sequenced reads were trimmed for low-quality bases and for adapter sequences using cutadapt; then mapped to the human hg19 reference genome plus SARS-CoV-2 genome using STAR v2.5.2b. Raw read counts were quantified using HTSeq-count v0.11.2.","For sample 7-27, the raw reads were aligned to human genome (GRCh38) using HISAT2 (version=2.1.0). The raw counts were extracted from bam files by featureCounts function (from package subread version=1.6.4).",Genome_build: GRCh38,Supplementary_files_format_and_content: plain txt file storing read counts per gene per sample,GPL24676,"Shuibing,,Chen",shuibing.chen@gmail.com,2127465431,Surgery,Weill Cornell Medical College,"A 827B, 1300 York Ave",New York,NY,10065,USA,0,Illumina NovaSeq 6000,cDNA,transcriptomic,RNA-Seq,BioSample: https://www.ncbi.nlm.nih.gov/biosample/SAMN19284683,SRA: https://www.ncbi.nlm.nih.gov/sra?term=SRX10947837,NONE,human ventral midbrain tissue,no,COVID19 patient,SRR14602089,2021-10-21 12:26:30,2021-05-21 01:40:36,34321074,10364964348,34321074,302,3164,https://sra-pub-run-odp.s3.amazonaws.com/sra/SRR14602089/SRR14602089,SRX10947837,RNA-Seq,cDNA,TRANSCRIPTOMIC,PAIRED,0,0,ILLUMINA,Illumina NovaSeq 6000,SRP320664,PRJNA731457,731457,SRS9026743,SAMN19284683,simple,9606,Homo sapiens,no,GEO,SRA1234813,public,BE3C8B947E973E7D9808816B094477C6,D8366D1D97372920D21FDC53A580064F
GSM5325458,GSM5325458,Sample 23_COVID#8,Public on Oct 20 2021,May 20 2021,Oct 20 2021,SRA,1,FFPE tissues,Homo sapiens,cell type: human ventral midbrain tissue,viral infected: COVID19 patient,treatment: no,"For drug treatment, DA neurons were infected with SARS-CoV-2 at six hours post-treatment.","Midbrain dopaminergic neuron differentiation were performed using H9 hESCs, which include Nurr1: GFP hESC.  hESCs were grown on VTN-N (Thermo Fisher Scientific)-coated 6-well plates in E8-essential medium. Cells were maintained at 37℃, 5% CO2. hESCs were differentiated with an optimized protocol from a previously reported study",total RNA,Total RNA samples were prepared from cells and using TRIzol according to the manufacturer’s instructions.,RNAseq libraries of polyadenylated RNA were prepared using the TruSeq Stranded mRNA Library Prep Kit (Illumina) according to the manufacturer’s instructions and sequenced on an Illumina NextSeq 500 platform.,9606,For human genome,processed data file: raw_counts.patient_neuron.txt,Illumina bcl2fastq2 v2.20 was used for basecalling.,"For sample 1-6 and 28-33, Sequenced reads were trimmed for low-quality bases and for adapter sequences using cutadapt; then mapped to the human hg19 reference genome plus SARS-CoV-2 genome using STAR v2.5.2b. Raw read counts were quantified using HTSeq-count v0.11.2.","For sample 7-27, the raw reads were aligned to human genome (GRCh38) using HISAT2 (version=2.1.0). The raw counts were extracted from bam files by featureCounts function (from package subread version=1.6.4).",Genome_build: GRCh38,Supplementary_files_format_and_content: plain txt file storing read counts per gene per sample,GPL24676,"Shuibing,,Chen",shuibing.chen@gmail.com,2127465431,Surgery,Weill Cornell Medical College,"A 827B, 1300 York Ave",New York,NY,10065,USA,0,Illumina NovaSeq 6000,cDNA,transcriptomic,RNA-Seq,BioSample: https://www.ncbi.nlm.nih.gov/biosample/SAMN19284682,SRA: https://www.ncbi.nlm.nih.gov/sra?term=SRX10947838,NONE,human ventral midbrain tissue,no,COVID19 patient,SRR14602090,2021-10-21 12:26:30,2021-05-20 20:41:27,23676706,7150365212,23676706,302,2149,https://sra-pub-run-odp.s3.amazonaws.com/sra/SRR14602090/SRR14602090,SRX10947838,RNA-Seq,cDNA,TRANSCRIPTOMIC,PAIRED,0,0,ILLUMINA,Illumina NovaSeq 6000,SRP320664,PRJNA731457,731457,SRS9026744,SAMN19284682,simple,9606,Homo sapiens,no,GEO,SRA1234813,public,9114A87496D27956766D1C0DDB0C704F,20C6F856593160D3172F57D55FD21A77
GSM5325459,GSM5325459,Sample 24_COVID#9,Public on Oct 20 2021,May 20 2021,Oct 20 2021,SRA,1,FFPE tissues,Homo sapiens,cell type: human ventral midbrain tissue,viral infected: COVID19 patient,treatment: no,"For drug treatment, DA neurons were infected with SARS-CoV-2 at six hours post-treatment.","Midbrain dopaminergic neuron differentiation were performed using H9 hESCs, which include Nurr1: GFP hESC.  hESCs were grown on VTN-N (Thermo Fisher Scientific)-coated 6-well plates in E8-essential medium. Cells were maintained at 37℃, 5% CO2. hESCs were differentiated with an optimized protocol from a previously reported study",total RNA,Total RNA samples were prepared from cells and using TRIzol according to the manufacturer’s instructions.,RNAseq libraries of polyadenylated RNA were prepared using the TruSeq Stranded mRNA Library Prep Kit (Illumina) according to the manufacturer’s instructions and sequenced on an Illumina NextSeq 500 platform.,9606,For human genome,processed data file: raw_counts.patient_neuron.txt,Illumina bcl2fastq2 v2.20 was used for basecalling.,"For sample 1-6 and 28-33, Sequenced reads were trimmed for low-quality bases and for adapter sequences using cutadapt; then mapped to the human hg19 reference genome plus SARS-CoV-2 genome using STAR v2.5.2b. Raw read counts were quantified using HTSeq-count v0.11.2.","For sample 7-27, the raw reads were aligned to human genome (GRCh38) using HISAT2 (version=2.1.0). The raw counts were extracted from bam files by featureCounts function (from package subread version=1.6.4).",Genome_build: GRCh38,Supplementary_files_format_and_content: plain txt file storing read counts per gene per sample,GPL24676,"Shuibing,,Chen",shuibing.chen@gmail.com,2127465431,Surgery,Weill Cornell Medical College,"A 827B, 1300 York Ave",New York,NY,10065,USA,0,Illumina NovaSeq 6000,cDNA,transcriptomic,RNA-Seq,BioSample: https://www.ncbi.nlm.nih.gov/biosample/SAMN19284681,SRA: https://www.ncbi.nlm.nih.gov/sra?term=SRX10947839,NONE,human ventral midbrain tissue,no,COVID19 patient,SRR14602091,2021-10-21 12:26:30,2021-05-21 00:09:07,34520683,10425246266,34520683,302,3140,https://sra-pub-run-odp.s3.amazonaws.com/sra/SRR14602091/SRR14602091,SRX10947839,RNA-Seq,cDNA,TRANSCRIPTOMIC,PAIRED,0,0,ILLUMINA,Illumina NovaSeq 6000,SRP320664,PRJNA731457,731457,SRS9026745,SAMN19284681,simple,9606,Homo sapiens,no,GEO,SRA1234813,public,DD0E4DB0905A1FF555C53D293D3D9D71,1FB19C28C4307B668EB75D87A9F7F9F2
GSM5325460,GSM5325460,Sample 25_non-COVID3,Public on Oct 20 2021,May 20 2021,Oct 20 2021,SRA,1,FFPE tissues,Homo sapiens,cell type: human ventral midbrain tissue,viral infected: non-COVID19 patient,treatment: no,"For drug treatment, DA neurons were infected with SARS-CoV-2 at six hours post-treatment.","Midbrain dopaminergic neuron differentiation were performed using H9 hESCs, which include Nurr1: GFP hESC.  hESCs were grown on VTN-N (Thermo Fisher Scientific)-coated 6-well plates in E8-essential medium. Cells were maintained at 37℃, 5% CO2. hESCs were differentiated with an optimized protocol from a previously reported study",total RNA,Total RNA samples were prepared from cells and using TRIzol according to the manufacturer’s instructions.,RNAseq libraries of polyadenylated RNA were prepared using the TruSeq Stranded mRNA Library Prep Kit (Illumina) according to the manufacturer’s instructions and sequenced on an Illumina NextSeq 500 platform.,9606,For human genome,processed data file: raw_counts.patient_neuron.txt,Illumina bcl2fastq2 v2.20 was used for basecalling.,"For sample 1-6 and 28-33, Sequenced reads were trimmed for low-quality bases and for adapter sequences using cutadapt; then mapped to the human hg19 reference genome plus SARS-CoV-2 genome using STAR v2.5.2b. Raw read counts were quantified using HTSeq-count v0.11.2.","For sample 7-27, the raw reads were aligned to human genome (GRCh38) using HISAT2 (version=2.1.0). The raw counts were extracted from bam files by featureCounts function (from package subread version=1.6.4).",Genome_build: GRCh38,Supplementary_files_format_and_content: plain txt file storing read counts per gene per sample,GPL24676,"Shuibing,,Chen",shuibing.chen@gmail.com,2127465431,Surgery,Weill Cornell Medical College,"A 827B, 1300 York Ave",New York,NY,10065,USA,0,Illumina NovaSeq 6000,cDNA,transcriptomic,RNA-Seq,BioSample: https://www.ncbi.nlm.nih.gov/biosample/SAMN19284680,SRA: https://www.ncbi.nlm.nih.gov/sra?term=SRX10947840,NONE,human ventral midbrain tissue,no,non-COVID19 patient,SRR14602092,2021-10-21 12:26:30,2021-05-21 01:59:26,32872196,9927403192,32872196,302,3048,https://sra-pub-run-odp.s3.amazonaws.com/sra/SRR14602092/SRR14602092,SRX10947840,RNA-Seq,cDNA,TRANSCRIPTOMIC,PAIRED,0,0,ILLUMINA,Illumina NovaSeq 6000,SRP320664,PRJNA731457,731457,SRS9026746,SAMN19284680,simple,9606,Homo sapiens,no,GEO,SRA1234813,public,11501DFDF05D2CF53D6603FA312AB3CF,BEF9FE7A0E3FCA03886E4325BE7EF6AD
GSM5325461,GSM5325461,Sample 26_non-COVID1,Public on Oct 20 2021,May 20 2021,Oct 20 2021,SRA,1,FFPE tissues,Homo sapiens,cell type: human ventral midbrain tissue,viral infected: non-COVID19 patient,treatment: no,"For drug treatment, DA neurons were infected with SARS-CoV-2 at six hours post-treatment.","Midbrain dopaminergic neuron differentiation were performed using H9 hESCs, which include Nurr1: GFP hESC.  hESCs were grown on VTN-N (Thermo Fisher Scientific)-coated 6-well plates in E8-essential medium. Cells were maintained at 37℃, 5% CO2. hESCs were differentiated with an optimized protocol from a previously reported study",total RNA,Total RNA samples were prepared from cells and using TRIzol according to the manufacturer’s instructions.,RNAseq libraries of polyadenylated RNA were prepared using the TruSeq Stranded mRNA Library Prep Kit (Illumina) according to the manufacturer’s instructions and sequenced on an Illumina NextSeq 500 platform.,9606,For human genome,processed data file: raw_counts.patient_neuron.txt,Illumina bcl2fastq2 v2.20 was used for basecalling.,"For sample 1-6 and 28-33, Sequenced reads were trimmed for low-quality bases and for adapter sequences using cutadapt; then mapped to the human hg19 reference genome plus SARS-CoV-2 genome using STAR v2.5.2b. Raw read counts were quantified using HTSeq-count v0.11.2.","For sample 7-27, the raw reads were aligned to human genome (GRCh38) using HISAT2 (version=2.1.0). The raw counts were extracted from bam files by featureCounts function (from package subread version=1.6.4).",Genome_build: GRCh38,Supplementary_files_format_and_content: plain txt file storing read counts per gene per sample,GPL24676,"Shuibing,,Chen",shuibing.chen@gmail.com,2127465431,Surgery,Weill Cornell Medical College,"A 827B, 1300 York Ave",New York,NY,10065,USA,0,Illumina NovaSeq 6000,cDNA,transcriptomic,RNA-Seq,BioSample: https://www.ncbi.nlm.nih.gov/biosample/SAMN19284679,SRA: https://www.ncbi.nlm.nih.gov/sra?term=SRX10947841,NONE,human ventral midbrain tissue,no,non-COVID19 patient,SRR14602093,2021-10-21 12:26:30,2021-05-20 14:10:37,6480373,1957072646,6480373,302,616,https://sra-pub-run-odp.s3.amazonaws.com/sra/SRR14602093/SRR14602093,SRX10947841,RNA-Seq,cDNA,TRANSCRIPTOMIC,PAIRED,0,0,ILLUMINA,Illumina NovaSeq 6000,SRP320664,PRJNA731457,731457,SRS9026747,SAMN19284679,simple,9606,Homo sapiens,no,GEO,SRA1234813,public,E6016C902088AC74DC055433008A5871,B7C6F789106B026B62C87660076D036D
GSM5325462,GSM5325462,Sample 27_non-COVID2,Public on Oct 20 2021,May 20 2021,Oct 20 2021,SRA,1,FFPE tissues,Homo sapiens,cell type: human ventral midbrain tissue,viral infected: non-COVID19 patient,treatment: no,"For drug treatment, DA neurons were infected with SARS-CoV-2 at six hours post-treatment.","Midbrain dopaminergic neuron differentiation were performed using H9 hESCs, which include Nurr1: GFP hESC.  hESCs were grown on VTN-N (Thermo Fisher Scientific)-coated 6-well plates in E8-essential medium. Cells were maintained at 37℃, 5% CO2. hESCs were differentiated with an optimized protocol from a previously reported study",total RNA,Total RNA samples were prepared from cells and using TRIzol according to the manufacturer’s instructions.,RNAseq libraries of polyadenylated RNA were prepared using the TruSeq Stranded mRNA Library Prep Kit (Illumina) according to the manufacturer’s instructions and sequenced on an Illumina NextSeq 500 platform.,9606,For human genome,processed data file: raw_counts.patient_neuron.txt,Illumina bcl2fastq2 v2.20 was used for basecalling.,"For sample 1-6 and 28-33, Sequenced reads were trimmed for low-quality bases and for adapter sequences using cutadapt; then mapped to the human hg19 reference genome plus SARS-CoV-2 genome using STAR v2.5.2b. Raw read counts were quantified using HTSeq-count v0.11.2.","For sample 7-27, the raw reads were aligned to human genome (GRCh38) using HISAT2 (version=2.1.0). The raw counts were extracted from bam files by featureCounts function (from package subread version=1.6.4).",Genome_build: GRCh38,Supplementary_files_format_and_content: plain txt file storing read counts per gene per sample,GPL24676,"Shuibing,,Chen",shuibing.chen@gmail.com,2127465431,Surgery,Weill Cornell Medical College,"A 827B, 1300 York Ave",New York,NY,10065,USA,0,Illumina NovaSeq 6000,cDNA,transcriptomic,RNA-Seq,BioSample: https://www.ncbi.nlm.nih.gov/biosample/SAMN19284678,SRA: https://www.ncbi.nlm.nih.gov/sra?term=SRX10947842,NONE,human ventral midbrain tissue,no,non-COVID19 patient,SRR14602094,2021-10-21 12:26:30,2021-05-20 13:35:18,1960040,591932080,1960040,302,181,https://storage.googleapis.com/nih-sequence-read-archive/run/SRR14602094/SRR14602094,SRX10947842,RNA-Seq,cDNA,TRANSCRIPTOMIC,PAIRED,0,0,ILLUMINA,Illumina NovaSeq 6000,SRP320664,PRJNA731457,731457,SRS9026748,SAMN19284678,simple,9606,Homo sapiens,no,GEO,SRA1234813,public,1326607FD3E7AFC5BC0F77163B3F8DF2,F303AFE0797F8715A245572880A9A758
GSM5325463,GSM5325463,Sample 28_COVID-1,Public on Oct 20 2021,May 20 2021,Oct 20 2021,SRA,1,FFPE tissues,Homo sapiens,cell type: human ventral midbrain tissue,viral infected: COVID19 patient,treatment: no,"For drug treatment, DA neurons were infected with SARS-CoV-2 at six hours post-treatment.","Midbrain dopaminergic neuron differentiation were performed using H9 hESCs, which include Nurr1: GFP hESC.  hESCs were grown on VTN-N (Thermo Fisher Scientific)-coated 6-well plates in E8-essential medium. Cells were maintained at 37℃, 5% CO2. hESCs were differentiated with an optimized protocol from a previously reported study",total RNA,Total RNA samples were prepared from cells and using TRIzol according to the manufacturer’s instructions.,RNAseq libraries of polyadenylated RNA were prepared using the TruSeq Stranded mRNA Library Prep Kit (Illumina) according to the manufacturer’s instructions and sequenced on an Illumina NextSeq 500 platform.,9606,For viral genome,processed data file: raw_counts.covid.txt,Illumina bcl2fastq2 v2.20 was used for basecalling.,"For sample 1-6 and 28-33, Sequenced reads were trimmed for low-quality bases and for adapter sequences using cutadapt; then mapped to the human hg19 reference genome plus SARS-CoV-2 genome using STAR v2.5.2b. Raw read counts were quantified using HTSeq-count v0.11.2.","For sample 7-27, the raw reads were aligned to human genome (GRCh38) using HISAT2 (version=2.1.0). The raw counts were extracted from bam files by featureCounts function (from package subread version=1.6.4).",Genome_build: GRCh38,Supplementary_files_format_and_content: plain txt file storing read counts per gene per sample,GPL24676,"Shuibing,,Chen",shuibing.chen@gmail.com,2127465431,Surgery,Weill Cornell Medical College,"A 827B, 1300 York Ave",New York,NY,10065,USA,0,Illumina NovaSeq 6000,cDNA,transcriptomic,RNA-Seq,BioSample: https://www.ncbi.nlm.nih.gov/biosample/SAMN19284677,SRA: https://www.ncbi.nlm.nih.gov/sra?term=SRX10947843,NONE,human ventral midbrain tissue,no,COVID19 patient,SRR14602095,2021-10-21 12:26:30,2021-05-21 23:30:30,144430315,43617955130,144430315,302,13981,https://storage.googleapis.com/nih-sequence-read-archive/run/SRR14602095/SRR14602095,SRX10947843,RNA-Seq,cDNA,TRANSCRIPTOMIC,PAIRED,0,0,ILLUMINA,Illumina NovaSeq 6000,SRP320664,PRJNA731457,731457,SRS9026749,SAMN19284677,simple,9606,Homo sapiens,no,GEO,SRA1234813,public,41C876C9EDE9CD8BAE8428CC1529F4E3,528CAD14D26527AE8E1F35BE27FEE0E6
GSM5325464,GSM5325464,Sample 29_COVID-4,Public on Oct 20 2021,May 20 2021,Oct 20 2021,SRA,1,FFPE tissues,Homo sapiens,cell type: human ventral midbrain tissue,viral infected: COVID19 patient,treatment: no,"For drug treatment, DA neurons were infected with SARS-CoV-2 at six hours post-treatment.","Midbrain dopaminergic neuron differentiation were performed using H9 hESCs, which include Nurr1: GFP hESC.  hESCs were grown on VTN-N (Thermo Fisher Scientific)-coated 6-well plates in E8-essential medium. Cells were maintained at 37℃, 5% CO2. hESCs were differentiated with an optimized protocol from a previously reported study",total RNA,Total RNA samples were prepared from cells and using TRIzol according to the manufacturer’s instructions.,RNAseq libraries of polyadenylated RNA were prepared using the TruSeq Stranded mRNA Library Prep Kit (Illumina) according to the manufacturer’s instructions and sequenced on an Illumina NextSeq 500 platform.,9606,For viral genome,processed data file: raw_counts.covid.txt,Illumina bcl2fastq2 v2.20 was used for basecalling.,"For sample 1-6 and 28-33, Sequenced reads were trimmed for low-quality bases and for adapter sequences using cutadapt; then mapped to the human hg19 reference genome plus SARS-CoV-2 genome using STAR v2.5.2b. Raw read counts were quantified using HTSeq-count v0.11.2.","For sample 7-27, the raw reads were aligned to human genome (GRCh38) using HISAT2 (version=2.1.0). The raw counts were extracted from bam files by featureCounts function (from package subread version=1.6.4).",Genome_build: GRCh38,Supplementary_files_format_and_content: plain txt file storing read counts per gene per sample,GPL24676,"Shuibing,,Chen",shuibing.chen@gmail.com,2127465431,Surgery,Weill Cornell Medical College,"A 827B, 1300 York Ave",New York,NY,10065,USA,0,Illumina NovaSeq 6000,cDNA,transcriptomic,RNA-Seq,BioSample: https://www.ncbi.nlm.nih.gov/biosample/SAMN19284676,SRA: https://www.ncbi.nlm.nih.gov/sra?term=SRX10947844,NONE,human ventral midbrain tissue,no,COVID19 patient,SRR14602096,2021-10-21 12:26:31,2021-05-22 09:19:29,74382109,22463396918,74382109,302,7406,https://storage.googleapis.com/nih-sequence-read-archive/run/SRR14602096/SRR14602096,SRX10947844,RNA-Seq,cDNA,TRANSCRIPTOMIC,PAIRED,0,0,ILLUMINA,Illumina NovaSeq 6000,SRP320664,PRJNA731457,731457,SRS9026750,SAMN19284676,simple,9606,Homo sapiens,no,GEO,SRA1234813,public,8338CB9439125B485F5582C315B92E9F,ED75412123DF36AEF15F30C379B92593
GSM5325465,GSM5325465,Sample 30_COVID-5,Public on Oct 20 2021,May 20 2021,Oct 20 2021,SRA,1,FFPE tissues,Homo sapiens,cell type: human ventral midbrain tissue,viral infected: COVID19 patient,treatment: no,"For drug treatment, DA neurons were infected with SARS-CoV-2 at six hours post-treatment.","Midbrain dopaminergic neuron differentiation were performed using H9 hESCs, which include Nurr1: GFP hESC.  hESCs were grown on VTN-N (Thermo Fisher Scientific)-coated 6-well plates in E8-essential medium. Cells were maintained at 37℃, 5% CO2. hESCs were differentiated with an optimized protocol from a previously reported study",total RNA,Total RNA samples were prepared from cells and using TRIzol according to the manufacturer’s instructions.,RNAseq libraries of polyadenylated RNA were prepared using the TruSeq Stranded mRNA Library Prep Kit (Illumina) according to the manufacturer’s instructions and sequenced on an Illumina NextSeq 500 platform.,9606,For viral genome,processed data file: raw_counts.covid.txt,Illumina bcl2fastq2 v2.20 was used for basecalling.,"For sample 1-6 and 28-33, Sequenced reads were trimmed for low-quality bases and for adapter sequences using cutadapt; then mapped to the human hg19 reference genome plus SARS-CoV-2 genome using STAR v2.5.2b. Raw read counts were quantified using HTSeq-count v0.11.2.","For sample 7-27, the raw reads were aligned to human genome (GRCh38) using HISAT2 (version=2.1.0). The raw counts were extracted from bam files by featureCounts function (from package subread version=1.6.4).",Genome_build: GRCh38,Supplementary_files_format_and_content: plain txt file storing read counts per gene per sample,GPL24676,"Shuibing,,Chen",shuibing.chen@gmail.com,2127465431,Surgery,Weill Cornell Medical College,"A 827B, 1300 York Ave",New York,NY,10065,USA,0,Illumina NovaSeq 6000,cDNA,transcriptomic,RNA-Seq,BioSample: https://www.ncbi.nlm.nih.gov/biosample/SAMN19284675,SRA: https://www.ncbi.nlm.nih.gov/sra?term=SRX10947845,NONE,human ventral midbrain tissue,no,COVID19 patient,SRR14602097,2021-10-21 12:26:31,2021-05-22 08:06:38,68014126,20540266052,68014126,302,6708,https://storage.googleapis.com/nih-sequence-read-archive/run/SRR14602097/SRR14602097,SRX10947845,RNA-Seq,cDNA,TRANSCRIPTOMIC,PAIRED,0,0,ILLUMINA,Illumina NovaSeq 6000,SRP320664,PRJNA731457,731457,SRS9026751,SAMN19284675,simple,9606,Homo sapiens,no,GEO,SRA1234813,public,E2DA29F1D61522F7B227A91292D7B48F,94F32ABB3B0E20F197648ACA97AE4A14
GSM5325466,GSM5325466,Sample 31_COVID-6,Public on Oct 20 2021,May 20 2021,Oct 20 2021,SRA,1,FFPE tissues,Homo sapiens,cell type: human ventral midbrain tissue,viral infected: COVID19 patient,treatment: no,"For drug treatment, DA neurons were infected with SARS-CoV-2 at six hours post-treatment.","Midbrain dopaminergic neuron differentiation were performed using H9 hESCs, which include Nurr1: GFP hESC.  hESCs were grown on VTN-N (Thermo Fisher Scientific)-coated 6-well plates in E8-essential medium. Cells were maintained at 37℃, 5% CO2. hESCs were differentiated with an optimized protocol from a previously reported study",total RNA,Total RNA samples were prepared from cells and using TRIzol according to the manufacturer’s instructions.,RNAseq libraries of polyadenylated RNA were prepared using the TruSeq Stranded mRNA Library Prep Kit (Illumina) according to the manufacturer’s instructions and sequenced on an Illumina NextSeq 500 platform.,9606,For viral genome,processed data file: raw_counts.covid.txt,Illumina bcl2fastq2 v2.20 was used for basecalling.,"For sample 1-6 and 28-33, Sequenced reads were trimmed for low-quality bases and for adapter sequences using cutadapt; then mapped to the human hg19 reference genome plus SARS-CoV-2 genome using STAR v2.5.2b. Raw read counts were quantified using HTSeq-count v0.11.2.","For sample 7-27, the raw reads were aligned to human genome (GRCh38) using HISAT2 (version=2.1.0). The raw counts were extracted from bam files by featureCounts function (from package subread version=1.6.4).",Genome_build: GRCh38,Supplementary_files_format_and_content: plain txt file storing read counts per gene per sample,GPL24676,"Shuibing,,Chen",shuibing.chen@gmail.com,2127465431,Surgery,Weill Cornell Medical College,"A 827B, 1300 York Ave",New York,NY,10065,USA,0,Illumina NovaSeq 6000,cDNA,transcriptomic,RNA-Seq,BioSample: https://www.ncbi.nlm.nih.gov/biosample/SAMN19284674,SRA: https://www.ncbi.nlm.nih.gov/sra?term=SRX10947846,NONE,human ventral midbrain tissue,no,COVID19 patient,SRR14602098,2021-10-21 12:26:31,2021-05-21 03:51:09,47539922,14357056444,47539922,302,4754,https://storage.googleapis.com/nih-sequence-read-archive/run/SRR14602098/SRR14602098,SRX10947846,RNA-Seq,cDNA,TRANSCRIPTOMIC,PAIRED,0,0,ILLUMINA,Illumina NovaSeq 6000,SRP320664,PRJNA731457,731457,SRS9026752,SAMN19284674,simple,9606,Homo sapiens,no,GEO,SRA1234813,public,E4BC0BE56EBDD60CDEF8F0A17829EE30,16461F835B0C4FA7BE5A6D7AB5F81AFB
GSM5325467,GSM5325467,Sample 32_COVID-8,Public on Oct 20 2021,May 20 2021,Oct 20 2021,SRA,1,FFPE tissues,Homo sapiens,cell type: human ventral midbrain tissue,viral infected: COVID19 patient,treatment: no,"For drug treatment, DA neurons were infected with SARS-CoV-2 at six hours post-treatment.","Midbrain dopaminergic neuron differentiation were performed using H9 hESCs, which include Nurr1: GFP hESC.  hESCs were grown on VTN-N (Thermo Fisher Scientific)-coated 6-well plates in E8-essential medium. Cells were maintained at 37℃, 5% CO2. hESCs were differentiated with an optimized protocol from a previously reported study",total RNA,Total RNA samples were prepared from cells and using TRIzol according to the manufacturer’s instructions.,RNAseq libraries of polyadenylated RNA were prepared using the TruSeq Stranded mRNA Library Prep Kit (Illumina) according to the manufacturer’s instructions and sequenced on an Illumina NextSeq 500 platform.,9606,For viral genome,processed data file: raw_counts.covid.txt,Illumina bcl2fastq2 v2.20 was used for basecalling.,"For sample 1-6 and 28-33, Sequenced reads were trimmed for low-quality bases and for adapter sequences using cutadapt; then mapped to the human hg19 reference genome plus SARS-CoV-2 genome using STAR v2.5.2b. Raw read counts were quantified using HTSeq-count v0.11.2.","For sample 7-27, the raw reads were aligned to human genome (GRCh38) using HISAT2 (version=2.1.0). The raw counts were extracted from bam files by featureCounts function (from package subread version=1.6.4).",Genome_build: GRCh38,Supplementary_files_format_and_content: plain txt file storing read counts per gene per sample,GPL24676,"Shuibing,,Chen",shuibing.chen@gmail.com,2127465431,Surgery,Weill Cornell Medical College,"A 827B, 1300 York Ave",New York,NY,10065,USA,0,Illumina NovaSeq 6000,cDNA,transcriptomic,RNA-Seq,BioSample: https://www.ncbi.nlm.nih.gov/biosample/SAMN19284673,SRA: https://www.ncbi.nlm.nih.gov/sra?term=SRX10947847,NONE,human ventral midbrain tissue,no,COVID19 patient,SRR14602099,2021-10-21 12:26:31,2021-05-20 21:53:10,20818375,6287149250,20818375,302,2041,https://storage.googleapis.com/nih-sequence-read-archive/run/SRR14602099/SRR14602099,SRX10947847,RNA-Seq,cDNA,TRANSCRIPTOMIC,PAIRED,0,0,ILLUMINA,Illumina NovaSeq 6000,SRP320664,PRJNA731457,731457,SRS9026753,SAMN19284673,simple,9606,Homo sapiens,no,GEO,SRA1234813,public,10DD293F742462851797759A689E5C15,A01148C348A80B5EDF20B498510FC9AC
GSM5325468,GSM5325468,Sample 33_COVID-9,Public on Oct 20 2021,May 20 2021,Oct 20 2021,SRA,1,FFPE tissues,Homo sapiens,cell type: human ventral midbrain tissue,viral infected: COVID19 patient,treatment: no,"For drug treatment, DA neurons were infected with SARS-CoV-2 at six hours post-treatment.","Midbrain dopaminergic neuron differentiation were performed using H9 hESCs, which include Nurr1: GFP hESC.  hESCs were grown on VTN-N (Thermo Fisher Scientific)-coated 6-well plates in E8-essential medium. Cells were maintained at 37℃, 5% CO2. hESCs were differentiated with an optimized protocol from a previously reported study",total RNA,Total RNA samples were prepared from cells and using TRIzol according to the manufacturer’s instructions.,RNAseq libraries of polyadenylated RNA were prepared using the TruSeq Stranded mRNA Library Prep Kit (Illumina) according to the manufacturer’s instructions and sequenced on an Illumina NextSeq 500 platform.,9606,For viral genome,processed data file: raw_counts.covid.txt,Illumina bcl2fastq2 v2.20 was used for basecalling.,"For sample 1-6 and 28-33, Sequenced reads were trimmed for low-quality bases and for adapter sequences using cutadapt; then mapped to the human hg19 reference genome plus SARS-CoV-2 genome using STAR v2.5.2b. Raw read counts were quantified using HTSeq-count v0.11.2.","For sample 7-27, the raw reads were aligned to human genome (GRCh38) using HISAT2 (version=2.1.0). The raw counts were extracted from bam files by featureCounts function (from package subread version=1.6.4).",Genome_build: GRCh38,Supplementary_files_format_and_content: plain txt file storing read counts per gene per sample,GPL24676,"Shuibing,,Chen",shuibing.chen@gmail.com,2127465431,Surgery,Weill Cornell Medical College,"A 827B, 1300 York Ave",New York,NY,10065,USA,0,Illumina NovaSeq 6000,cDNA,transcriptomic,RNA-Seq,BioSample: https://www.ncbi.nlm.nih.gov/biosample/SAMN19284672,SRA: https://www.ncbi.nlm.nih.gov/sra?term=SRX10947848,NONE,human ventral midbrain tissue,no,COVID19 patient,SRR14602100,2021-10-21 12:26:31,2021-05-20 20:21:58,20321384,6137057968,20321384,302,1965,https://storage.googleapis.com/nih-sequence-read-archive/run/SRR14602100/SRR14602100,SRX10947848,RNA-Seq,cDNA,TRANSCRIPTOMIC,PAIRED,0,0,ILLUMINA,Illumina NovaSeq 6000,SRP320664,PRJNA731457,731457,SRS9026754,SAMN19284672,simple,9606,Homo sapiens,no,GEO,SRA1234813,public,7C3DD887901B6AE8D6BCDC80D24828AC,228C3F285A37C7A04AC09731E44FDDFC
